Stellar Spectroscopy - BD+36-4307	
	
Date of Observation:	7/23/2010
Star Observed:	BD+36 4307
Spectral Class:	K0
	
Wavelength (A)	Intensity (Counts)
6200.4	5742.51
6201.2	6116.52
6202	6676.47
6202.8	6866.03
6203.6	6856.17
6204.4	6845.31
6205.2	6517.28
6206	6610.18
6206.8	6784
6207.6	7017.71
6208.4	7011.75
6209.2	6993.17
6210	6877.99
6210.8	6615.36
6211.6	6733.75
6212.4	6779.92
6213.2	6509.96
6214	5840.22
6214.8	5824.64
6215.6	5907.44
6216.4	5890.31
6217.2	6180.39
6218	6650
6218.8	6679.06
6219.6	6208.04
6220.4	6239.41
6221.2	5980.91
6222	6141.03
6222.8	6734.65
6223.6	6829.28
6224.4	6339.77
6225.2	6147.53
6226	6739.91
6226.8	6872.05
6227.6	6645.83
6228.4	6679.09
6229.2	6683.36
6230	6257.5
6230.8	5639.62
6231.6	5314.93
6232.4	6248.16
6233.2	6032.34
6234	6261.91
6234.8	6983
6235.6	6996.83
6236.4	6985.93
6237.2	6959.59
6238	6699.03
6238.8	6585.22
6239.6	6709.8
6240.4	6020.27
6241.2	5945.22
6242	6849.92
6242.8	6632.34
6243.6	5608.95
6244.4	5805.55
6245.2	6366.28
6246	6226.85
6246.8	6021.12
6247.6	6574.12
6248.4	6915.32
6249.2	6971.7
6250	6683.89
6250.8	6698.7
6251.6	6747.47
6252.4	6055.75
6253.2	5768.52
6254	6169.91
6254.8	5836.58
6255.6	6269.28
6256.4	6146.41
6257.2	5670.83
6258	5900.1
6258.8	5396.71
6259.6	5400.18
6260.4	6432.17
6261.2	6515.32
6262	6229.64
6262.8	6753.78
6263.6	7124.34
6264.4	7155.44
6265.2	6529.35
6266	6038.36
6266.8	6323
6267.6	6818.25
6268.4	6772.45
6269.2	6501.71
6270	6570.31
6270.8	6667.27
6271.6	6619.04
6272.4	6659.03
6273.2	6814.77
6274	6909.58
6274.8	6734.58
6275.6	6604.02
6276.4	6869.81
6277.2	6563.87
6278	6240.03
6278.8	6512.22
6279.6	6667.78
6280.4	6291.8
6281.2	5915.05
6282	6351.92
6282.8	6322.84
6283.6	6410.01
6284.4	6933.85
6285.2	6772.64
6286	6490.43
6286.8	6813.45
6287.6	6850.65
6288.4	7039.8
6289.2	7224.57
6290	7107.99
6290.8	6814.19
6291.6	6538.45
6292.4	6731.67
6293.2	6621.47
6294	6408.7
6294.8	7099.55
6295.6	7171.36
6296.4	6654.06
6297.2	6145.55
6298	6199.82
6298.8	6318.99
6299.6	6628.62
6300.4	6791.91
6301.2	6709
6302	6384.02
6302.8	6290
6303.6	6717.82
6304.4	6698.13
6305.2	6826.42
6306	6454.8
6306.8	6243.79
6307.6	6996.41
6308.4	7058.44
6309.2	7234.98
6310	7055.5
6310.8	6752.67
6311.6	6606.92
6312.4	6483.09
6313.2	6646.67
6314	7163.56
6314.8	6786.74
6315.6	6047.85
6316.4	6065.78
6317.2	6860.08
6318	6499.33
6318.8	5778.73
6319.6	5921.08
6320.4	6471.92
6321.2	6767.23
6322	6983.4
6322.8	6529.23
6323.6	6511.96
6324.4	7147.01
6325.2	6894.44
6326	6918.59
6326.8	7196.65
6327.6	6825.59
6328.4	6607.23
6329.2	7258.53
6330	7253.18
6330.8	6701.98
6331.6	6958.67
6332.4	6931.17
6333.2	7074.22
6334	7222.96
6334.8	7116.84
6335.6	6367.36
6336.4	6065.53
6337.2	6245
6338	6855.65
6338.8	7096.93
6339.6	6482.34
6340.4	6695.07
6341.2	7077.77
6342	7066.49
6342.8	6635.85
6343.6	6696.38
6344.4	6143.2
6345.2	6298.34
6346	6888.35
6346.8	6985.16
6347.6	6868.7
6348.4	6871.48
6349.2	7178.76
6350	6967.84
6350.8	7021.65
6351.6	6932.77
6352.4	7189.29
6353.2	7202.69
6354	7051.31
6354.8	6879.67
6355.6	6237.95
6356.4	6640.81
6357.2	7013.11
6358	6955.3
6358.8	6457.93
6359.6	6105.96
6360.4	6364.04
6361.2	6350.22
6362	6176.58
6362.8	6025.55
6363.6	6007.88
6364.4	6389.23
6365.2	6298.56
6366	6744.84
6366.8	6590.34
6367.6	6750.71
6368.4	7082.14
6369.2	7163.15
6370	7037.46
6370.8	7039.49
6371.6	6929.41
6372.4	7195.97
6373.2	7625.77
6374	7473.54
6374.8	7203.73
6375.6	7046.42
6376.4	7094.71
6377.2	7459.34
6378	7327.15
6378.8	6961.14
6379.6	6878.42
6380.4	7164.95
6381.2	6941.44
6382	6940.31
6382.8	7261.58
6383.6	7243.35
6384.4	7132.42
6385.2	6996.87
6386	7232.53
6386.8	7240.53
6387.6	7365.77
6388.4	7311.09
6389.2	7326.77
6390	7316.04
6390.8	7488.63
6391.6	7393.84
6392.4	7341.61
6393.2	6679.29
6394	6197.17
6394.8	6432.67
6395.6	7063.51
6396.4	7078.36
6397.2	7482.26
6398	7524.22
6398.8	7396.92
6399.6	7453.51
6400.4	6109.13
6401.2	6100.98
6402	7309.42
6402.8	7502.75
6403.6	7283.62
6404.4	7402.25
6405.2	7364.48
6406	7207.92
6406.8	7137.91
6407.6	7118.58
6408.4	6480.25
6409.2	6446.69
6410	7279.54
6410.8	7312.62
6411.6	6789.3
6412.4	6530.18
6413.2	7174.75
6414	7102.25
6414.8	7034.19
6415.6	7032.12
6416.4	7284.51
6417.2	7385.31
6418	7284.72
6418.8	7128
6419.6	7188.91
6420.4	6821.67
6421.2	6867.2
6422	6438.8
6422.8	7108.07
6423.6	7730.11
6424.4	7584.24
6425.2	7377.31
6426	7254.9
6426.8	7448.06
6427.6	7669.13
6428.4	7692.67
6429.2	7521.06
6430	7540.58
6430.8	6946.27
6431.6	6305.14
6432.4	6846.12
6433.2	7238.5
6434	7428.13
6434.8	7466.97
6435.6	7512.08
6436.4	7755.44
6437.2	7595.32
6438	7482.96
6438.8	7105.46
6439.6	6579.78
6440.4	6968.39
6441.2	7682.54
6442	7676.33
6442.8	7702.64
6443.6	7585.57
6444.4	7471.22
6445.2	7337.76
6446	7585.68
6446.8	7863.63
6447.6	7851.93
6448.4	7894.14
6449.2	7153.62
6450	6085.91
6450.8	5400.24
6451.6	6709.83
6452.4	7244.76
6453.2	7307.92
6454	7609.33
6454.8	7688.6
6455.6	7297.56
6456.4	6956.2
6457.2	7099.62
6458	7498.11
6458.8	7830.8
6459.6	7795.92
6460.4	7751.05
6461.2	7750.73
6462	7830.3
6462.8	6882.83
6463.6	6204.47
6464.4	7181.7
6465.2	7393.38
6466	7467.14
6466.8	7530.19
6467.6	7406.01
6468.4	7747.17
6469.2	7547.35
6470	7113.21
6470.8	7580.12
6471.6	7350.65
6472.4	6881.66
6473.2	7595.25
6474	7783.53
6474.8	7609.31
6475.6	7374.85
6476.4	7164.14
6477.2	7548.12
6478	7683.63
6478.8	7544.14
6479.6	7495.28
6480.4	7558.75
6481.2	7585.29
6482	7147.06
6482.8	6732.22
6483.6	6891.46
6484.4	7332.92
6485.2	7563.17
6486	7884.41
6486.8	7625.86
6487.6	7583.04
6488.4	7945.55
6489.2	7796.38
6490	7622.1
6490.8	7366.05
6491.6	7265.68
6492.4	7365.01
6493.2	7433.98
6494	6850.09
6494.8	6029.12
6495.6	5719.01
6496.4	6303.11
6497.2	6427.31
6498	6709.29
6498.8	7229.87
6499.6	6794.81
6500.4	7006.07
6501.2	7555.85
6502	7361.13
6502.8	7453.24
6503.6	7669.26
6504.4	7442.61
6505.2	7540.87
6506	7723.74
6506.8	7853.74
6507.6	7843.82
6508.4	7614.95
6509.2	7445.31
6510	7391.42
6510.8	7686.57
6511.6	7807.4
6512.4	7720.12
6513.2	7666.95
6514	7913.3
6514.8	7709.94
6515.6	7624.13
6516.4	7468.29
6517.2	7444.87
6518	7727.63
6518.8	7293.66
6519.6	7066.07
6520.4	7618.24
6521.2	7787.94
6522	8071.45
6522.8	7918.38
6523.6	7518.12
6524.4	7774.96
6525.2	8070.21
6526	8073.81
6526.8	7654.75
6527.6	7408.56
6528.4	7594.12
6529.2	7715.67
6530	7923.94
6530.8	8127.69
6531.6	7897.22
6532.4	7490.76
6533.2	7454.96
6534	7402.84
6534.8	7593.59
6535.6	8072.65
6536.4	8125.06
6537.2	7823.19
6538	7694.41
6538.8	7687.67
6539.6	7929.98
6540.4	8250.2
6541.2	8276.77
6542	7883.67
6542.8	7916.63
6543.6	7807.53
6544.4	7814.62
6545.2	8048.14
6546	7827.59
6546.8	7282.42
6547.6	7524.53
6548.4	7561.71
6549.2	7922.4
6550	8142.44
6550.8	8047.15
6551.6	7786.23
6552.4	7496.4
6553.2	7664.82
6554	7672.39
6554.8	7441.8
6555.6	7461.42
6556.4	7181.08
6557.2	7638.58
6558	7957.55
6558.8	7701.19
6559.6	7913.56
6560.4	7589.73
6561.2	7697.41
6562	7629.1
6562.8	5355.16
6563.6	3894.22
6564.4	5827.72
6565.2	7585.7
6566	7910.48
6566.8	7940.84
6567.6	8171.5
6568.4	8368.1
6569.2	8016.89
6570	7537.29
6570.8	7693.13
6571.6	7746.44
6572.4	7926.5
6573.2	7505.39
6574	7564.62
6574.8	7326.48
6575.6	7131.36
6576.4	7811.34
6577.2	8111.38
6578	8456.88
6578.8	8518.71
6579.6	8318.37
6580.4	8173.05
6581.2	7496.6
6582	7591.55
6582.8	7855.21
6583.6	7909.09
6584.4	8043.42
6585.2	8207.64
6586	8044.14
6586.8	7787.72
6587.6	8157.02
6588.4	8479.43
6589.2	8319.16
6590	8320.39
6590.8	8410.51
6591.6	8390.91
6592.4	7909.67
6593.2	6984.5
6594	6671.4
6594.8	7332.6
6595.6	7826.67
6596.4	7796.1
6597.2	7926.16
6598	7897.24
6598.8	7841.09
6599.6	7696.26
6600.4	8148.07
6601.2	8522.75
6602	8417.63
6602.8	8386.33
6603.6	8247.16
6604.4	8180.48
6605.2	7914.77
6606	7776.44
6606.8	7843.56
6607.6	7696.22
6608.4	7627.67
6609.2	7606.51
6610	7111.85
6610.8	7922.15
6611.6	8315.52
6612.4	8500.04
6613.2	8409.72
6614	8043.78
6614.8	7988.95
6615.6	8564.78
6616.4	8709.63
6617.2	8360.38
6618	8350.92
6618.8	8445.16
6619.6	8413.02
6620.4	8671.82
6621.2	8757.62
6622	8769.9
6622.8	8721.09
6623.6	8502.25
6624.4	8235.2
6625.2	7583.82
6626	7976.5
6626.8	8663.81
6627.6	8411.64
6628.4	8274.73
6629.2	8498.44
6630	8158.11
6630.8	8011.96
6631.6	8011.12
6632.4	7881.06
6633.2	7726.86
6634	7195.87
6634.8	7218.63
6635.6	7776.22
6636.4	8043.77
6637.2	8458.8
6638	8396.64
6638.8	8408.56
6639.6	8162.59
6640.4	7803.99
6641.2	8302.3
6642	8487.5
6642.8	8506.58
6643.6	7922.44
6644.4	7438.53
6645.2	8160.55
6646	8296.02
6646.8	8261.53
6647.6	8052.11
6648.4	7948.26
6649.2	8058
6650	8411.73
6650.8	8513.04
6651.6	8373
6652.4	8384.63
6653.2	8509.92
6654	8446.7
6654.8	8388.84
6655.6	8541.27
6656.4	8659.71
6657.2	8287.14
6658	8386.94
6658.8	8581.55
6659.6	8514.4
6660.4	8396.69
6661.2	8344.31
6662	8343.85
6662.8	8587.56
6663.6	7797.15
6664.4	7866.74
6665.2	8568.69
6666	8084.92
6666.8	8259.47
6667.6	8096.69
6668.4	7962.01
6669.2	7977.03
6670	8223.22
6670.8	8322.58
6671.6	8480.13
6672.4	8288.65
6673.2	8278.47
6674	8394.46
6674.8	8370.58
6675.6	8547.79
6676.4	8617.56
6677.2	8596.68
6678	7606.94
6678.8	7204.14
6679.6	8175.08
6680.4	8791.2
6681.2	8714.54
6682	8668.58
6682.8	8641.24
6683.6	8744.52
6684.4	8736.68
6685.2	8679.07
6686	8657.69
6686.8	8847.07
6687.6	8556.97
6688.4	8349.61
6689.2	8502.54
6690	8621.8
6690.8	8667.24
6691.6	8520.38
6692.4	8838.61
6693.2	8684.16
6694	8808.62
6694.8	9013.28
6695.6	8660.41
6696.4	8402.39
6697.2	7975.91
6698	8179.4
6698.8	8207.57
6699.6	8426.04
6700.4	8797.05
6701.2	8731.53
6702	8692.2
6702.8	8723.55
6703.6	8239.64
6704.4	8106.59
6705.2	8215.27
6706	8323.36
6706.8	8748.5
6707.6	8735.67
6708.4	8583.64
6709.2	8675.5
6710	8487.81
6710.8	7879.35
6711.6	8123.31
6712.4	8466.37
6713.2	8279.99
6714	7972.5
6714.8	8288.16
6715.6	8062.79
6716.4	7763.01
6717.2	7756.53
6718	7324.79
6718.8	7678.85
6719.6	8385.35
6720.4	8482.57
6721.2	8593.61
6722	8557.58
6722.8	8348.24
6723.6	8849.93
6724.4	9078.04
6725.2	8722.05
6726	8445.27
6726.8	8263.12
6727.6	8296.12
6728.4	8574.89
6729.2	8373.11
6730	8578.53
6730.8	8693.87
6731.6	8748.1
6732.4	8620.45
6733.2	8428.79
6734	8364.23
6734.8	8487.52
6735.6	8578.18
6736.4	8714.07
6737.2	8743.07
6738	8383.85
6738.8	7967.54
6739.6	8051.82
6740.4	8118
6741.2	8532.84
6742	8478.89
6742.8	8361.83
6743.6	7838.17
6744.4	8153.04
6745.2	8303.6
6746	8233.26
6746.8	8194.2
6747.6	8098.9
6748.4	8183.63
6749.2	8347.96
6750	8229.99
6750.8	7886.46
6751.6	8502.22
6752.4	8503.32
6753.2	7973.14
6754	8062.14
6754.8	8451.47
6755.6	8377.18
6756.4	8402.72
6757.2	8682.38
6758	8924.95
6758.8	8951.8
6759.6	8840.85
6760.4	9031.19
6761.2	9207.33
6762	9006.61
6762.8	8840.05
6763.6	9014.85
6764.4	9061.39
6765.2	8966.07
6766	8850.59
6766.8	8465.5
6767.6	8293.45
6768.4	8154.2
6769.2	8434.54
6770	8735.11
6770.8	8410.35
6771.6	8137.26
6772.4	8277.82
6773.2	8604.51
6774	8981.66
6774.8	9015.72
6775.6	9015.03
6776.4	8927.22
6777.2	8739.08
6778	8454.48
6778.8	8588.95
6779.6	8731.23
6780.4	8938.44
6781.2	8876.38
6782	8652.61
6782.8	8371.51
6783.6	7960.42
6784.4	7662.96
6785.2	7887.96
6786	8006.88
6786.8	7961.02
6787.6	8202.96
6788.4	8694.98
6789.2	8529.48
6790	8603.45
6790.8	8617.63
6791.6	8637.29
6792.4	8623.62
6793.2	8636.84
6794	8291.12
6794.8	8551.41
6795.6	8732.1
6796.4	8458.79
6797.2	8462.58
6798	8778.24
6798.8	8683.88
6799.6	8435.59
6800.4	8554.24
6801.2	8568.02
6802	8535.81
6802.8	8669.11
6803.6	8463.21
6804.4	8284.1
6805.2	8429.62
6806	8803.14
6806.8	8643.27
6807.6	8279.14
6808.4	8654.58
6809.2	8756.26
6810	8461.92
6810.8	8227.43
6811.6	8546.9
6812.4	8588.4
6813.2	8577.62
6814	8575.86
6814.8	8240.45
6815.6	7919.11
6816.4	8587.12
6817.2	9002.22
6818	9029.27
6818.8	8765.92
6819.6	8880.73
6820.4	8329.33
6821.2	8469.14
6822	8625.13
6822.8	8808
6823.6	9132.64
6824.4	8969.45
6825.2	8734.27
6826	8719.56
6826.8	8905.97
6827.6	8751.71
6828.4	8477.36
6829.2	8167.83
6830	8526.91
6830.8	8668.29
6831.6	8938.56
6832.4	9107.23
6833.2	8907.48
6834	8731.05
6834.8	8910.25
6835.6	8873.52
6836.4	9054.91
6837.2	8625.17
6838	8493.53
6838.8	8518.08
6839.6	8186.39
6840.4	7891.56
6841.2	7965.9
6842	7497.73
6842.8	7746.13
6843.6	7845.53
6844.4	7953.74
6845.2	8431.86
6846	8435.46
6846.8	8341.49
6847.6	8440.58
6848.4	8525.74
6849.2	8371.06
6850	8416.04
6850.8	8409.1
6851.6	8302.69
6852.4	8486.63
6853.2	8685.32
6854	8639.39
6854.8	8136.16
6855.6	7484.73
6856.4	7832.61
6857.2	8256.08
6858	8009.1
6858.8	8167.09
6859.6	8549.8
6860.4	8158.11
6861.2	7914.81
6862	7623.15
6862.8	7636.26
6863.6	8335.8
6864.4	8496.91
6865.2	8650.42
6866	8548.62
6866.8	8085.78
6867.6	6588.5
6868.4	5510.32
6869.2	5559.11
6870	6120.88
6870.8	6307.47
6871.6	6324.8
6872.4	6216.05
6873.2	6083.06
6874	6573.24
6874.8	6726.33
6875.6	6900.6
6876.4	6827.87
6877.2	6997.48
6878	7453.08
6878.8	7854.14
6879.6	7514.19
6880.4	7721.5
6881.2	8249.31
6882	8229.84
6882.8	7951.33
6883.6	7545.03
6884.4	7837.04
6885.2	8340.85
6886	7474.83
6886.8	7101.03
6887.6	7604.28
6888.4	8081.76
6889.2	7475
6890	7222.71
6890.8	7774.29
6891.6	8418
6892.4	7608.81
6893.2	6982.94
6894	7450.65
6894.8	8060.03
6895.6	7658.36
6896.4	7061.45
6897.2	7262.52
6898	8182.85
6898.8	8306.96
6899.6	7976.08
6900.4	7311.54
6901.2	7223.39
6902	8042.46
6902.8	8441.08
6903.6	8059.9
6904.4	7604.46
6905.2	7405.43
6906	7719.5
6906.8	7872.61
6907.6	8299.23
6908.4	7765.46
6909.2	7370.39
6910	7523.04
6910.8	8057.62
6911.6	7986.53
6912.4	7891.67
6913.2	7594.67
6914	7070.21
6914.8	7002.26
6915.6	7717.97
6916.4	8267.96
6917.2	7828.32
6918	7715.33
6918.8	7600.12
6919.6	8033.97
6920.4	8561.38
6921.2	8442.5
6922	8389.56
6922.8	8264.07
6923.6	7855.29
6924.4	7507.35
6925.2	7606.97
6926	7512.61
6926.8	7461.56
6927.6	7932
6928.4	7878.11
6929.2	7573.21
6930	7662.7
6930.8	7747.07
6931.6	7823.33
6932.4	7851.01
6933.2	7730.71
6934	7394.44
6934.8	7982.94
6935.6	8157.61
6936.4	8261.61
6937.2	8084.86
6938	7920.35
6938.8	8093.09
6939.6	8141.53
6940.4	8022.5
6941.2	8080.6
6942	8072.3
6942.8	7904.6
6943.6	7622.97
6944.4	7566.08
6945.2	7710.07
6946	7327.39
6946.8	7818.83
6947.6	7725.18
6948.4	7749.2
6949.2	8000.86
6950	7994.69
6950.8	8034.96
6951.6	7297.89
6952.4	7508.42
6953.2	7595.71
6954	7438.33
6954.8	7648.63
6955.6	7438.4
6956.4	7440.33
6957.2	7695.77
6958	7799.65
6958.8	7831.7
6959.6	7781.84
6960.4	7685.3
6961.2	7592.54
6962	7898.4
6962.8	7934.77
6963.6	8010.75
6964.4	7995.18
6965.2	8311.04
6966	7856.98
6966.8	7917.32
6967.6	8371.24
6968.4	8602.34
6969.2	8484.31
6970	8522.91
6970.8	8152.55
6971.6	7979.26
6972.4	8171.81
6973.2	8786.37
6974	8833.99
6974.8	8445.64
6975.6	8172.05
6976.4	8152.41
6977.2	7911.4
6978	7723.77
6978.8	6965.76
6979.6	6822.85
6980.4	7649.92
6981.2	8241.64
6982	7906.93
6982.8	8306.86
6983.6	8519.42
6984.4	8615.87
6985.2	8536.25
6986	8398.95
6986.8	8024.44
6987.6	8133.06
6988.4	8155.05
6989.2	7874.91
6990	7696.93
6990.8	7849.3
6991.6	8266.05
6992.4	8311.01
6993.2	8120.58
6994	8056.05
6994.8	7752.54
6995.6	7970.02
6996.4	8443.28
6997.2	8321.76
6998	8241.82
6998.8	8166.81
6999.6	7768.69
7000.4	7501.83
7001.2	7698.63
7002	7923.77
7002.8	8315.31
7003.6	8345.98
7004.4	7486.67
7005.2	7334.92
7006	7590.25
7006.8	7623.8
7007.6	7751.7
7008.4	7799.01
7009.2	7956.95
7010	7953.72
7010.8	7891.05
7011.6	7622.2
7012.4	7770.92
7013.2	8005.9
7014	8168.84
7014.8	8299.68
7015.6	7790
7016.4	6934.82
7017.2	6521.53
7018	7632.94
7018.8	8292.95
7019.6	8457.87
7020.4	8455.58
7021.2	8362.39
7022	8709.04
7022.8	8389.48
7023.6	7778.09
7024.4	7483.44
7025.2	7500.87
7026	7955.02
7026.8	7887.65
7027.6	7710
7028.4	7879.91
7029.2	7751.27
7030	7879.16
7030.8	7892.92
7031.6	7907.77
7032.4	7729.99
7033.2	7597.98
7034	7805.09
7034.8	7772.04
7035.6	7747.39
7036.4	8003.69
7037.2	8099.17
7038	7558.38
7038.8	6925.7
7039.6	6962.11
7040.4	7794.32
7041.2	8307.82
7042	8669.76
7042.8	8713.88
7043.6	8749.32
7044.4	8580.19
7045.2	7950.76
7046	7905.17
7046.8	8457.09
7047.6	8452.76
7048.4	8853.05
7049.2	8951.47
7050	8822.58
7050.8	8736.06
7051.6	8690.25
7052.4	8446.88
7053.2	7525.26
7054	7840.29
7054.8	8446.64
7055.6	8550.99
7056.4	8616.4
7057.2	8730.66
7058	8697.14
7058.8	8461.39
7059.6	8419.1
7060.4	7685.83
7061.2	7694.93
7062	8253.67
7062.8	8448.08
7063.6	8066.86
7064.4	8464.29
7065.2	8550.81
7066	8191.26
7066.8	7919.77
7067.6	7582.31
7068.4	7271.41
7069.2	6957.69
7070	7523.69
7070.8	8078.92
7071.6	8338.95
7072.4	8282.12
7073.2	8134.58
7074	8503.48
7074.8	8450.09
7075.6	8491.34
7076.4	8395.13
7077.2	8285.64
7078	8615.6
7078.8	8666.9
7079.6	8633.78
7080.4	8921.7
7081.2	8981.84
7082	9081.26
7082.8	8749.16
7083.6	8403.57
7084.4	7858.94
7085.2	7200.12
7086	7533.64
7086.8	8271.13
7087.6	8117.11
7088.4	7964.43
7089.2	8232.84
7090	8022.36
7090.8	7761.62
7091.6	7769.39
7092.4	8253.03
7093.2	7833.96
7094	7837.79
7094.8	8313.86
7095.6	8196.02
7096.4	8245.88
7097.2	8296.23
7098	8329.17
7098.8	8442.4
7099.6	8516.18
7100.4	8325.32
7101.2	8347.69
7102	8050.63
7102.8	7976.91
7103.6	7762.04
7104.4	7897.06
7105.2	8416.27
7106	8314.05
7106.8	8026.04
7107.6	7455.32
7108.4	7361.61
7109.2	7638.34
7110	7825.1
7110.8	7605.06
7111.6	7293.59
7112.4	7477.33
7113.2	7484.66
7114	7624.16
7114.8	7765.23
7115.6	7503.98
7116.4	7692.69
7117.2	7670.27
7118	7550.73
7118.8	7546.49
7119.6	7516.15
7120.4	7133.42
7121.2	7431.47
7122	7688.76
7122.8	6920.57
7123.6	7310.15
7124.4	7684.6
7125.2	7562.68
7126	7369.33
7126.8	7359.06
7127.6	7287.19
7128.4	7303.99
7129.2	7469.32
7130	7186.88
7130.8	6848.94
7131.6	6643.8
7132.4	7165.37
7133.2	7315.41
7134	7493.79
7134.8	7939.3
7135.6	7855.39
7136.4	7585.41
7137.2	7898.23
7138	8208.31
7138.8	8093.56
7139.6	7397.09
7140.4	7252.69
7141.2	7779.53
7142	8200.78
7142.8	7983.25
7143.6	7627.65
7144.4	7914
7145.2	7701.84
7146	7283.76
7146.8	7853.22
7147.6	7845.61
7148.4	7172.49
7149.2	6961.01
7150	7555.69
7150.8	7504.37
7151.6	7362.21
7152.4	7625.24
7153.2	8125.78
7154	8093.94
7154.8	8065.91
7155.6	7429.85
7156.4	6953.73
7157.2	7762.68
7158	8092.3
7158.8	7454.14
7159.6	7274.08
7160.4	7021.65
7161.2	6849.78
7162	7090.3
7162.8	7191.82
7163.6	7246.35
7164.4	6466.45
7165.2	5983.73
7166	6144.5
7166.8	6483.77
7167.6	6593.89
7168.4	6731.71
7169.2	7257.4
7170	6947.7
7170.8	6460.97
7171.6	6831.63
7172.4	7258.44
7173.2	6826.34
7174	6487.94
7174.8	6783.4
7175.6	7087.75
7176.4	6506.05
7177.2	5817.79
7178	5951.71
7178.8	6900.94
7179.6	7088.8
7180.4	6648.19
7181.2	6150.02
7182	5177.71
7182.8	5851.67
7183.6	6877.62
7184.4	6210.31
7185.2	5371.45
7186	5555.51
7186.8	5099.15
7187.6	4485.5
7188.4	4889.12
7189.2	5745.52
7190	5917.96
7190.8	5975.73
7191.6	5578.76
7192.4	5161.46
7193.2	5462.97
7194	4894.32
7194.8	5498.35
7195.6	5986.69
7196.4	6357.43
7197.2	6019.2
7198	5505.31
7198.8	5692.71
7199.6	5939.78
7200.4	5487.53
7201.2	4641.13
7202	4785.71
7202.8	5277.35
7203.6	5536.68
7204.4	5111.02
7205.2	5220.26
7206	5463.46
7206.8	4922
7207.6	4377.52
7208.4	4623.39
7209.2	5164.36
7210	5019.38
7210.8	5603.67
7211.6	6099.52
7212.4	6088.31
7213.2	5991.81
7214	5713.36
7214.8	5744.17
7215.6	5731.65
7216.4	5695.95
7217.2	5493.68
7218	6199.37
7218.8	6152.04
7219.6	6102.61
7220.4	5995.27
7221.2	5915.51
7222	5722.07
7222.8	5834.96
7223.6	5259.04
7224.4	5049.25
7225.2	5709.52
7226	6058.14
7226.8	5776.45
7227.6	5509.44
7228.4	5516.55
7229.2	5228.29
7230	5393.62
7230.8	5574.93
7231.6	5673.21
7232.4	5555.41
7233.2	4991.11
7234	5079.2
7234.8	4915.46
7235.6	4838.13
7236.4	5041.34
7237.2	5138.86
7238	5602.02
7238.8	5668.69
7239.6	5615.89
7240.4	5072.22
7241.2	4529.02
7242	5361.5
7242.8	5811.56
7243.6	5255.96
7244.4	4998.36
7245.2	4824.94
7246	4654.62
7246.8	4863.32
7247.6	5215.73
7248.4	5648.74
7249.2	5694.1
7250	5418
7250.8	5266.18
7251.6	5242.22
7252.4	4621.7
7253.2	4303.65
7254	4302.12
7254.8	5171.12
7255.6	5464.61
7256.4	5597.78
7257.2	5727.92
7258	5653.89
7258.8	5557.96
7259.6	5619.57
7260.4	5681.39
7261.2	5327.08
7262	4512.55
7262.8	4722.54
7263.6	5441.91
7264.4	5261.43
7265.2	4763.44
7266	4648.64
7266.8	5045.81
7267.6	5710.39
7268.4	5719.97
7269.2	5576.83
7270	5508.48
7270.8	5491.67
7271.6	5515.53
7272.4	5460.5
7273.2	4950.71
7274	5081.58
7274.8	5424.66
7275.6	5298.3
7276.4	5181.47
7277.2	5063.15
7278	4730.82
7278.8	4929.48
7279.6	5185.17
7280.4	5597.85
7281.2	5629.93
7282	5625.18
7282.8	5189.36
7283.6	5231.01
7284.4	5419.43
7285.2	5509.6
7286	5565.79
7286.8	5832.58
7287.6	5309.27
7288.4	5021.99
7289.2	5008.66
7290	4657.8
7290.8	4719.71
7291.6	4516.9
7292.4	4522.58
7293.2	4620.99
7294	4833.41
7294.8	5366.23
7295.6	5444.82
7296.4	5826.65
7297.2	6495.38
7298	6241.83
7298.8	6090.94
7299.6	5924.99
7300.4	5610.42
7301.2	5826.09
7302	6102.77
7302.8	5756.67
7303.6	5402.98
7304.4	5290.38
7305.2	5706.86
7306	5985.01
7306.8	5892.49
7307.6	5932.43
7308.4	5692.78
7309.2	5265.9
7310	5628.45
7310.8	6144.8
7311.6	5603.4
7312.4	5617.82
7313.2	5764.83
7314	5868.16
7314.8	6296
7315.6	6167.83
7316.4	6143.22
7317.2	5954.19
7318	5755.02
7318.8	5400.21
7319.6	5609.38
7320.4	6400.29
7321.2	6042.75
7322	6109.49
7322.8	6439.5
7323.6	6265.83
7324.4	5674.51
7325.2	5861.64
7326	5953.84
7326.8	5373.47
7327.6	5531.13
7328.4	6048.47
7329.2	6247.07
7330	6065.84
7330.8	5982.11
7331.6	6141.38
7332.4	6464.45
7333.2	6414.3
7334	6045.83
7334.8	6106.06
7335.6	6306.91
7336.4	6454.86
7337.2	6887.8
7338	6691.09
7338.8	6555.67
7339.6	6351.47
7340.4	6214.36
7341.2	6448.97
7342	6507.07
7342.8	6569.13
7343.6	6593.12
7344.4	5969.06
7345.2	5448.92
7346	5907.36
7346.8	6325.9
7347.6	6085.84
7348.4	6170.77
7349.2	6178.21
7350	6030.21
7350.8	5805.61
7351.6	5650.94
7352.4	5872.1
7353.2	6226.72
7354	6080.68
7354.8	6047.04
7355.6	5897.95
7356.4	5259.21
7357.2	5389.24
7358	5766.16
7358.8	5839.64
7359.6	6486.8
7360.4	6481.83
7361.2	6272.87
7362	6075.58
7362.8	5573.78
7363.6	5749.45
7364.4	5661.36
7365.2	5964.13
7366	6371.89
7366.8	6245.58
7367.6	6246.01
7368.4	6529.83
7369.2	6371.15
7370	6093.2
7370.8	6322.44
7371.6	6788.8
7372.4	6772.12
7373.2	6877.68
7374	6750.75
7374.8	6769
7375.6	6748.07
7376.4	6543.15
7377.2	6473.03
7378	6407.88
7378.8	6628.37
7379.6	6773.47
7380.4	6942.87
7381.2	6721.49
7382	6596.94
7382.8	6330.74
7383.6	6248.86
7384.4	6550.38
7385.2	6749.65
7386	6423.42
7386.8	6315.54
7387.6	6530.14
7388.4	6634.93
7389.2	6681.42
7390	6042.56
7390.8	6416.28
7391.6	7033.16
7392.4	7155.14
7393.2	7104.79
7394	6581.64
7394.8	6531.31
7395.6	7038.5
7396.4	6781.48
7397.2	6587.4
7398	6637.78
7398.8	6591.07
7399.6	6607.76
7400.4	6449.54
7401.2	6146.55
7402	6206.71
7402.8	6359.97
7403.6	6936.76
7404.4	7110.36
7405.2	7252
7406	6953.16
7406.8	6635.64
7407.6	6943.99
7408.4	7396.76
7409.2	6951.49
7410	6401.76
7410.8	6651.33
7411.6	6394.35
7412.4	6572.21
7413.2	7115.59
7414	6999.51
7414.8	6379.39
7415.6	5788.87
7416.4	6006.51
7417.2	6420.51
7418	6431.29
7418.8	6687.71
7419.6	6694.05
7420.4	6765.91
7421.2	6978.25
7422	6907.83
7422.8	6700.84
7423.6	6362.72
7424.4	6346.61
7425.2	6919.01
7426	7368.07
7426.8	7664.54
7427.6	7712.05
7428.4	7512.51
7429.2	7483.67
7430	7415.03
7430.8	7208.28
7431.6	6652.58
7432.4	6702.76
7433.2	6665.46
7434	6713.76
7434.8	7099.13
7435.6	7137.01
7436.4	6806.13
7437.2	6814.13
7438	6623.18
7438.8	6740.38
7439.6	6994.35
7440.4	6788.73
7441.2	6291.79
7442	6449.88
7442.8	6805.27
7443.6	6651.69
7444.4	6982.39
7445.2	7070.28
7446	6475.37
7446.8	6401.1
7447.6	6583.99
7448.4	6503.27
7449.2	6637.9
7450	6488.4
7450.8	6558.31
7451.6	6717.86
7452.4	6499.13
7453.2	6458.05
7454	6672.79
7454.8	6639.06
7455.6	6647.79
7456.4	6836.28
7457.2	6747
7458	6668.64
7458.8	6818.45
7459.6	6839.79
7460.4	7033
7461.2	6865.69
7462	6474.26
7462.8	6019.82
7463.6	6244.1
7464.4	6557.09
7465.2	6682.57
7466	7225.89
7466.8	7310.35
7467.6	6992
7468.4	7122.67
7469.2	7026.78
7470	6780.13
7470.8	6792.9
7471.6	6795.37
7472.4	6751.41
7473.2	6700.01
7474	6708.3
7474.8	6695.78
7475.6	6652.39
7476.4	6541.1
7477.2	6811.35
7478	7004.54
7478.8	6833.06
7479.6	6667.59
7480.4	6733.32
7481.2	6980.29
7482	6706.25
7482.8	6483.54
7483.6	6632.51
7484.4	6741.3
7485.2	6788.38
7486	6825.19
7486.8	6994.63
7487.6	7038.1
7488.4	7168.37
7489.2	7133.85
7490	6744.19
7490.8	6635.3
7491.6	7002.24
7492.4	6686.14
7493.2	6787.84
7494	6733.98
7494.8	6208.46
7495.6	5590.77
7496.4	5956.35
7497.2	6615.22
7498	6766.16
7498.8	6635.03
7499.6	6298.5
7500.4	6430.3
